-- phpMyAdmin SQL Dump
-- version 4.8.5
-- https://www.phpmyadmin.net/
--
-- Host: 127.0.0.1:3306
-- Generation Time: Nov 19, 2019 at 02:24 PM
-- Server version: 5.7.26
-- PHP Version: 7.2.18

SET SQL_MODE = "NO_AUTO_VALUE_ON_ZERO";
SET AUTOCOMMIT = 0;
START TRANSACTION;
SET time_zone = "+00:00";


/*!40101 SET @OLD_CHARACTER_SET_CLIENT=@@CHARACTER_SET_CLIENT */;
/*!40101 SET @OLD_CHARACTER_SET_RESULTS=@@CHARACTER_SET_RESULTS */;
/*!40101 SET @OLD_COLLATION_CONNECTION=@@COLLATION_CONNECTION */;
/*!40101 SET NAMES utf8mb4 */;

--
-- Database: `induce`
--

-- --------------------------------------------------------

--
-- Table structure for table `application`
--

DROP TABLE IF EXISTS `application`;
CREATE TABLE IF NOT EXISTS `application` (
  `appId` int(11) NOT NULL AUTO_INCREMENT,
  `appName` varchar(500) NOT NULL,
  `appVersion` varchar(100) NOT NULL,
  `appPackage` varchar(500) NOT NULL,
  `appUrl` varchar(500) NOT NULL,
  `appAdvId` varchar(500) NOT NULL,
  `isAppAdvIdDelete` int(10) NOT NULL DEFAULT '0',
  `appAdvBannerId` varchar(500) NOT NULL,
  `isAppBanIdDelete` int(10) NOT NULL DEFAULT '0',
  `appAdvInterstitialId` varchar(500) NOT NULL,
  `isAppInsIdDelete` int(10) NOT NULL DEFAULT '0',
  `appAdvRewardId` varchar(500) NOT NULL,
  `isAppRewIdDelete` int(10) NOT NULL DEFAULT '0',
  `appAdvNativeId` varchar(500) NOT NULL,
  `isAppNatIdDelete` int(10) NOT NULL DEFAULT '0',
  `appLogo` varchar(500) NOT NULL,
  `bannerImage` varchar(500) NOT NULL,
  `appStatus` int(11) NOT NULL DEFAULT '1',
  `isDelete` int(11) NOT NULL DEFAULT '1',
  PRIMARY KEY (`appId`)
) ENGINE=MyISAM AUTO_INCREMENT=13 DEFAULT CHARSET=latin1;

--
-- Dumping data for table `application`
--

INSERT INTO `application` (`appId`, `appName`, `appVersion`, `appPackage`, `appUrl`, `appAdvId`, `isAppAdvIdDelete`, `appAdvBannerId`, `isAppBanIdDelete`, `appAdvInterstitialId`, `isAppInsIdDelete`, `appAdvRewardId`, `isAppRewIdDelete`, `appAdvNativeId`, `isAppNatIdDelete`, `appLogo`, `bannerImage`, `appStatus`, `isDelete`) VALUES
(12, 'Induce', '1', 'https://www.google.com/search?q=simple+url&rlz=1C1CHBF_enIN867IN867&oq=simple+url&aqs=chrome..69i57j0l5.2445j0j7&sourceid=chrome&ie=UTF-8', 'https://www.google.com/search?q=simple+url&rlz=1C1CHBF_enIN867IN867&oq=simple+url&aqs=chrome..69i57j0l5.2445j0j7&sourceid=chrome&ie=UTF-8', 'https://www.google.com/search?q=simple+url&rlz=1C1CHBF_enIN867IN867&oq=simple+url&aqs=chrome..69i57j0l5.2445j0j7&sourceid=chrome&ie=UTF-8', 0, 'https://www.google.com/search?q=simple+url&rlz=1C1CHBF_enIN867IN867&oq=simple+url&aqs=chrome..69i57j0l5.2445j0j7&sourceid=chrome&ie=UTF-8', 0, 'https://www.google.com/search?q=simple+url&rlz=1C1CHBF_enIN867IN867&oq=simple+url&aqs=chrome..69i57j0l5.2445j0j7&sourceid=chrome&ie=UTF-8', 0, 'https://www.google.com/search?q=simple+url&rlz=1C1CHBF_enIN867IN867&oq=simple+url&aqs=chrome..69i57j0l5.2445j0j7&sourceid=chrome&ie=UTF-8', 1, 'https://www.google.com/search?q=simple+url&rlz=1C1CHBF_enIN867IN867&oq=simple+url&aqs=chrome..69i57j0l5.2445j0j7&sourceid=chrome&ie=UTF-8', 1, '1571308098134_screenshot-localhost-2019.10.12-21_26_08.png', '1571308098134_screenshot-localhost-2019.10.12-21_26_08.png', 1, 1);

-- --------------------------------------------------------

--
-- Table structure for table `category`
--

DROP TABLE IF EXISTS `category`;
CREATE TABLE IF NOT EXISTS `category` (
  `catId` int(11) NOT NULL AUTO_INCREMENT,
  `catName` varchar(100) CHARACTER SET utf8mb4 COLLATE utf8mb4_bin NOT NULL,
  `catDescription` varchar(100) NOT NULL,
  `catImage` varchar(100) DEFAULT NULL,
  `catStatus` int(11) NOT NULL DEFAULT '1',
  `mostViewedCategory` int(11) NOT NULL DEFAULT '0',
  `favoriteCategory` int(11) NOT NULL DEFAULT '0',
  `catCreationDate` datetime NOT NULL,
  `isDelete` int(11) NOT NULL DEFAULT '1',
  `langId` int(11) DEFAULT NULL,
  PRIMARY KEY (`catId`),
  KEY `langId` (`langId`)
) ENGINE=MyISAM AUTO_INCREMENT=124 DEFAULT CHARSET=latin1;

--
-- Dumping data for table `category`
--

INSERT INTO `category` (`catId`, `catName`, `catDescription`, `catImage`, `catStatus`, `mostViewedCategory`, `favoriteCategory`, `catCreationDate`, `isDelete`, `langId`) VALUES
(11, 'Good Morning-English', 'It contains good morning messages', NULL, 1, 4, 0, '2019-09-01 20:25:47', 1, 1),
(10, 'Love-मराठी', 'status in marathi', NULL, 1, 2, 0, '2019-10-01 01:05:38', 1, 4),
(9, 'Love-English', 'Love in english', NULL, 1, 9, 0, '2019-10-09 22:15:27', 1, 1),
(7, 'Love-हिंदी', 'Love in hindi', NULL, 1, 26, 0, '2019-10-09 22:02:50', 1, 2),
(8, 'Love-ગુજરાતી', 'love in gujarati', NULL, 1, 4, 0, '2019-10-09 22:12:19', 1, 3),
(12, 'Good Morning-हिंदी', 'it contains message in hindi', 'null', 1, 0, 0, '2019-10-14 21:37:11', 1, 2),
(13, 'Good Morning-ગુજરાતી', 'it contains gujarati message', NULL, 1, 0, 0, '2019-10-14 21:37:11', 1, 3),
(14, 'Good Morning-मराठी', 'it contains marathi message', NULL, 1, 0, 0, '2019-10-14 21:42:21', 1, 4),
(15, 'Diwali-English', 'it contains Diwali message', 'null', 1, 2, 0, '2019-10-15 12:09:58', 1, 1),
(16, 'Diwali-हिंदी', 'it contains diwali message in hindi', NULL, 1, 0, 0, '2019-10-15 12:17:54', 1, 2),
(17, 'Diwali-ગુજરાતી', 'it contains diwali message in gujarati1', NULL, 1, 1, 0, '2019-10-15 12:25:43', 1, 3),
(18, 'Diwali-मराठी', 'it contains diwali message in marathi', NULL, 1, 0, 0, '2019-10-15 12:29:22', 1, 4),
(19, 'Holi-English', 'holi messages1', NULL, 1, 0, 0, '2019-10-15 12:31:30', 0, 1),
(113, 'category-2-ગુજરાતી', 'I am testing category-2', NULL, 1, 0, 0, '2019-10-30 18:37:04', 0, 3),
(114, 'category-3', 'lll111', NULL, 1, 0, 0, '2019-10-30 18:39:02', 0, 1),
(68, 'category-1-English-English', 'hh', NULL, 1, 0, 0, '2019-10-18 12:02:56', 0, 1),
(112, 'category-1-ગુજરાતી', 'fgdg changes1', NULL, 1, 0, 0, '2019-10-30 16:49:54', 0, 3),
(117, 'aaaa-English', 'aaaaaaqqqqqq', 'null', 1, 0, 0, '2019-11-16 20:04:54', 0, 1),
(118, 'demo-English', 'hi hello', NULL, 1, 0, 0, '2019-11-16 20:12:57', 0, 1),
(119, 'ss-English', 'ssss', NULL, 1, 0, 0, '2019-11-17 12:48:10', 0, 1),
(122, 'category-2-English', 'aaaaa', '1573979790515_17697644.jpg', 1, 0, 0, '2019-11-17 13:50:12', 0, 1);

-- --------------------------------------------------------

--
-- Table structure for table `dbcategory`
--

DROP TABLE IF EXISTS `dbcategory`;
CREATE TABLE IF NOT EXISTS `dbcategory` (
  `catId` int(11) NOT NULL AUTO_INCREMENT,
  `catName` varchar(50) NOT NULL,
  `catDescription` varchar(100) NOT NULL,
  `mostViewedCategory` int(11) NOT NULL DEFAULT '0',
  `catCreationDate` datetime NOT NULL,
  `catStatus` int(11) NOT NULL,
  `isDelete` int(11) NOT NULL DEFAULT '1',
  PRIMARY KEY (`catId`)
) ENGINE=MyISAM AUTO_INCREMENT=3 DEFAULT CHARSET=latin1;

--
-- Dumping data for table `dbcategory`
--

INSERT INTO `dbcategory` (`catId`, `catName`, `catDescription`, `mostViewedCategory`, `catCreationDate`, `catStatus`, `isDelete`) VALUES
(1, 'demo-1', 'it contains demo-1 drawing', 0, '2019-11-03 12:31:00', 1, 1),
(2, 'demo-2', 'it contains demo-2 drawing', 0, '2019-11-03 13:33:21', 1, 1);

-- --------------------------------------------------------

--
-- Table structure for table `dbcatimage`
--

DROP TABLE IF EXISTS `dbcatimage`;
CREATE TABLE IF NOT EXISTS `dbcatimage` (
  `catImgId` int(11) NOT NULL AUTO_INCREMENT,
  `catId` int(11) NOT NULL,
  `imgId` int(11) NOT NULL,
  PRIMARY KEY (`catImgId`),
  KEY `catId` (`catId`),
  KEY `imgId` (`imgId`)
) ENGINE=MyISAM AUTO_INCREMENT=8 DEFAULT CHARSET=latin1;

--
-- Dumping data for table `dbcatimage`
--

INSERT INTO `dbcatimage` (`catImgId`, `catId`, `imgId`) VALUES
(7, 2, 22),
(6, 1, 22);

-- --------------------------------------------------------

--
-- Table structure for table `dbimage`
--

DROP TABLE IF EXISTS `dbimage`;
CREATE TABLE IF NOT EXISTS `dbimage` (
  `imgId` int(11) NOT NULL AUTO_INCREMENT,
  `imgName` varchar(100) NOT NULL,
  PRIMARY KEY (`imgId`)
) ENGINE=MyISAM AUTO_INCREMENT=23 DEFAULT CHARSET=latin1;

--
-- Dumping data for table `dbimage`
--

INSERT INTO `dbimage` (`imgId`, `imgName`) VALUES
(22, '1573234908882_app.png');

-- --------------------------------------------------------

--
-- Table structure for table `language`
--

DROP TABLE IF EXISTS `language`;
CREATE TABLE IF NOT EXISTS `language` (
  `langId` int(11) NOT NULL AUTO_INCREMENT,
  `langName` varchar(100) NOT NULL,
  `langDisplayName` varchar(100) CHARACTER SET utf8mb4 COLLATE utf8mb4_bin NOT NULL,
  `langStatus` int(11) NOT NULL DEFAULT '1',
  `isDelete` int(11) NOT NULL DEFAULT '1',
  `langCreationDate` datetime DEFAULT NULL,
  PRIMARY KEY (`langId`)
) ENGINE=MyISAM AUTO_INCREMENT=15 DEFAULT CHARSET=latin1;

--
-- Dumping data for table `language`
--

INSERT INTO `language` (`langId`, `langName`, `langDisplayName`, `langStatus`, `isDelete`, `langCreationDate`) VALUES
(1, 'English', 'English', 1, 1, '2019-10-09 14:44:47'),
(2, 'Hindi', 'हिंदी', 1, 1, '2019-10-09 20:43:35'),
(3, 'Gujarati', 'ગુજરાતી', 1, 1, '2019-10-09 20:48:12'),
(4, 'Marathi', 'मराठी', 1, 1, '2019-10-09 20:48:35'),
(5, 'Tamil', 'தமிழ்', 1, 1, '2019-10-09 20:51:04'),
(6, 'Telugu', 'తెలుగు', 0, 0, '2019-10-09 20:53:39'),
(7, 'punjabi', 'ਪੰਜਾਬੀ', 0, 1, '2019-10-15 20:35:42'),
(8, 'kannada', 'ಕನ್ನಡ', 1, 1, '2019-10-18 14:02:09'),
(14, 'demo', 'demo1', 0, 0, '2019-11-16 20:02:11');

-- --------------------------------------------------------

--
-- Table structure for table `status`
--

DROP TABLE IF EXISTS `status`;
CREATE TABLE IF NOT EXISTS `status` (
  `staId` int(11) NOT NULL AUTO_INCREMENT,
  `staType` int(11) NOT NULL DEFAULT '1',
  `staMessage` varchar(5000) CHARACTER SET utf8mb4 COLLATE utf8mb4_bin DEFAULT NULL,
  `staColor` varchar(50) DEFAULT NULL,
  `staImage` varchar(100) DEFAULT NULL,
  `staStatus` int(11) NOT NULL DEFAULT '1',
  `staCreationDate` datetime NOT NULL,
  `catId` int(11) NOT NULL,
  `isDelete` int(11) NOT NULL DEFAULT '1',
  `langId` int(11) DEFAULT NULL,
  `mostViewedStatus` int(11) NOT NULL DEFAULT '0',
  `favoriteStatus` int(11) NOT NULL DEFAULT '0',
  PRIMARY KEY (`staId`),
  KEY `catId` (`catId`),
  KEY `langId` (`langId`)
) ENGINE=MyISAM AUTO_INCREMENT=52 DEFAULT CHARSET=latin1;

--
-- Dumping data for table `status`
--

INSERT INTO `status` (`staId`, `staType`, `staMessage`, `staColor`, `staImage`, `staStatus`, `staCreationDate`, `catId`, `isDelete`, `langId`, `mostViewedStatus`, `favoriteStatus`) VALUES
(7, 1, 'अच्छा लगता है 🤗 जब कोई कहता है, कोई बात नहीं, मै हूं ना तुम्हारे साथ। 🙂', '#ff0000', NULL, 1, '2019-10-10 01:05:38', 7, 1, 2, 0, 0),
(8, 1, 'तोड़ कर फेंक दी होगी उसने, तोहफे मे दी वो चूड़ियाँ...\r\n\r\nडर था उसे खनकेगी हाथ मे तो हम याद आयेंगे...', '#ff0000', NULL, 1, '2019-10-10 01:05:38', 7, 1, 2, 0, 0),
(9, 1, 'પ્રેમમાં ઘણા અવરોધો જોયા,હજી કૃષ્ણ સાથે રાધા જોઇ હતી.', '#ff0000', NULL, 1, '2019-10-10 01:05:38', 8, 1, 3, 0, 0),
(10, 1, 'प्रेम कसं असतं ते मला बघायचंय\r\nप्रेम कसं असतं ते मला बघायचंय,\r\nभरभरुन तुझ्यावर एकदा प्रेम करायचंय,\r\nश्वास घेऊन तर प्रत्येकजण जगतो,\r\nपण मला तुझ्या प्रत्येक श्वासात जगायचंय…', '#ff0000', NULL, 1, '2019-10-10 01:05:38', 10, 1, 4, 0, 0),
(11, 1, 'મેદીવાઓફગ્લોપ્રગતિઅનેસતતસફળતાતરફ,તમારાપાથપ્રકાશ.શુભદિવાળી2019', '#ffff80', NULL, 1, '2019-10-15 21:43:31', 17, 0, 3, 0, 0),
(13, 1, 'Wish you a very happy and wonderful Holi. May your life always be filled with the colors of joy and happiness. Happy Holi. May God paint the canvas of your life with the colors of joy, love, happiness, prosperity, good health and success', '#ff0000', NULL, 1, '2019-10-26 13:26:12', 19, 1, 1, 0, 0),
(14, 1, 'दिवाळीचा पहिला दिवा लागता दारी,\r\nसुखाचे किरण येती घरी,\r\nपुर्ण होवोत तुमच्या सर्व ईच्छा,\r\nआमच्याकडुन दिवाळीच्या हार्दिक शुभेच्छा!', '#ff0000', NULL, 1, '2019-10-26 14:33:28', 18, 1, 4, 0, 0),
(28, 1, '✄╔╗─╔╗╔═══╗╔═══╗╔═══╗╔╗──╔╗\r\n✄║║─║║║╔═╗║║╔═╗║║╔═╗║║╚╗╔╝║\r\n✄║╚═╝║║║─║║║╚═╝║║╚═╝║╚╗╚╝╔╝\r\n✄║╔═╗║║╚═╝║║╔══╝║╔══╝─╚╗╔╝\r\n✄║║─║║║╔═╗║║║───║║─────║║\r\n✄╚╝─╚╝╚╝─╚╝╚╝───╚╝─────╚╝\r\n╔══╗─╔══╗╔═══╗╔════╗╔╗─╔╗╔═══╗╔═══╗╔╗──╔╗\r\n║╔╗║─╚╣╠╝║╔═╗║║╔╗╔╗║║║─║║╚╗╔╗║║╔═╗║║╚╗╔╝║\r\n║╚╝╚╗─║║─║╚═╝║╚╝║║╚╝║╚═╝║─║║║║║║─║║╚╗╚╝╔╝\r\n║╔═╗║─║║─║╔╗╔╝──║║──║╔═╗║─║║║║║╚═╝║─╚╗╔╝\r\n║╚═╝║╔╣╠╗║║║╚╗──║║──║║─║║╔╝╚╝║║╔═╗║──║║\r\n╚═══╝╚══╝╚╝╚═╝──╚╝──╚╝─╚╝╚═══╝╚╝─╚╝──╚╝', '#ff0000', NULL, 1, '2019-11-14 21:42:06', 9, 0, 1, 0, 0),
(29, 1, '🍾🍹🍸🥃🍷🥂🍻🍺Happy BirthDay 😀👩‍👩‍👧‍👦🥼🧥🧵🧶🍰🎂🧁🥧🍦:)', '#ff0000', NULL, 1, '2019-11-14 21:43:24', 9, 0, 1, 0, 2),
(44, 2, ' Love You माझ्या प्रत्येक वेदनेवर औषध आहेस तू…\r\nमाझ्या प्रत्येक सुखाचे कारण आहेस तू…\r\nकाय सांगू कोण आहेस तू…\r\nफक्त हा देह माझा आहे त्यातील जीव आहेस तू…', '#ff0000', '1573979025690_01-1600.jpg', 1, '2019-11-17 13:53:19', 10, 1, 4, 0, 0),
(39, 1, 'gdgggs', '#ff0000', NULL, 1, '2019-11-16 21:22:42', 11, 0, 1, 0, 0),
(43, 1, 'Its time to wake up, take a deep breath and enjoy the sweetness of nature with all your heart. Good morning! Have a good time!', '#ff0000', NULL, 1, '2019-11-17 13:44:42', 11, 1, 1, 0, 0),
(48, 1, 'I am adding test with type 1', '#ff0000', NULL, 1, '2019-11-18 15:31:12', 11, 1, 1, 0, 0);

-- --------------------------------------------------------

--
-- Table structure for table `users`
--

DROP TABLE IF EXISTS `users`;
CREATE TABLE IF NOT EXISTS `users` (
  `userId` int(11) NOT NULL AUTO_INCREMENT,
  `name` varchar(50) NOT NULL,
  `email` varchar(50) NOT NULL,
  `password` varchar(1000) NOT NULL,
  `creationDate` datetime NOT NULL,
  `modificationDate` datetime NOT NULL,
  `image` varchar(100) NOT NULL,
  `userRole` varchar(10) NOT NULL,
  `userStatus` varchar(20) NOT NULL,
  `isDelete` int(10) NOT NULL DEFAULT '1',
  PRIMARY KEY (`userId`)
) ENGINE=MyISAM AUTO_INCREMENT=13 DEFAULT CHARSET=latin1;

--
-- Dumping data for table `users`
--

INSERT INTO `users` (`userId`, `name`, `email`, `password`, `creationDate`, `modificationDate`, `image`, `userRole`, `userStatus`, `isDelete`) VALUES
(10, 'Rushikesh Patil', 'rushikesh@gmail.com', 'e52ed81b6f6be35a707178410e004e9b', '2019-10-23 00:03:01', '2019-10-23 00:03:01', '1571769180963_1571760201726_rusikesh.jpg', 'Admin', 'Active', 1),
(11, 'Demo', 'demo@gmail.com', '928cf334008b424ecc35eb1780f59f24', '2019-10-23 12:10:14', '2019-10-23 12:10:14', '1571812813747_Demo.jpeg', 'User', 'Active', 1),
(9, 'Gyandeep Sinha', 'gyan@gmail.com', 'e52ed81b6f6be35a707178410e004e9b', '2019-10-23 00:02:03', '2019-10-23 00:02:03', '1571769122959_PHOTO.jpg', 'Admin', 'Active', 1),
(8, 'Hemant Tike', 'hemanttike@gmail.com', 'e52ed81b6f6be35a707178410e004e9b', '2019-10-22 22:03:39', '2019-10-22 22:03:39', '1571726617202_GD 072.jpg', 'Admin', 'Active', 1);

-- --------------------------------------------------------

--
-- Table structure for table `userslog`
--

DROP TABLE IF EXISTS `userslog`;
CREATE TABLE IF NOT EXISTS `userslog` (
  `logId` int(11) NOT NULL AUTO_INCREMENT,
  `userId` int(11) NOT NULL,
  `task` varchar(200) CHARACTER SET utf8mb4 COLLATE utf8mb4_bin NOT NULL,
  `taskDate` datetime NOT NULL,
  PRIMARY KEY (`logId`),
  KEY `userId` (`userId`)
) ENGINE=MyISAM AUTO_INCREMENT=682 DEFAULT CHARSET=latin1;

--
-- Dumping data for table `userslog`
--

INSERT INTO `userslog` (`logId`, `userId`, `task`, `taskDate`) VALUES
(1, 8, 'Viewed Category Page', '2019-10-25 13:12:02'),
(2, 8, 'Viewed Category Page', '2019-10-25 14:00:59'),
(3, 8, 'Viewed Category Page', '2019-10-25 14:01:19'),
(4, 8, 'Viewed Category Page', '2019-10-25 14:01:35'),
(5, 8, 'Viewed Category Page', '2019-10-25 14:03:48'),
(6, 8, 'Viewed Category Page', '2019-10-25 14:03:58'),
(7, 8, 'Viewed Category Page', '2019-10-25 14:04:53'),
(8, 8, 'Viewed Category Page', '2019-10-25 14:05:05'),
(9, 8, 'Viewed Category Page', '2019-10-25 14:08:18'),
(10, 8, 'Category category-1 Added', '2019-10-25 14:08:30'),
(11, 8, 'Viewed Category Page', '2019-10-25 14:08:30'),
(12, 8, 'Viewed Category Page', '2019-10-25 14:09:44'),
(13, 8, 'Viewed Category Page', '2019-10-25 14:19:05'),
(14, 11, 'Viewed Category Page', '2019-10-25 14:20:53'),
(15, 8, 'Viewed Category Page', '2019-10-25 21:04:08'),
(16, 8, 'Category category-1 Added', '2019-10-25 21:08:10'),
(17, 8, 'Viewed Category Page', '2019-10-25 21:08:10'),
(18, 8, 'Viewed Category Page', '2019-10-25 21:08:22'),
(19, 8, 'Viewed Category Page', '2019-10-25 21:08:58'),
(20, 8, 'Viewed Category Page', '2019-10-25 21:10:49'),
(21, 8, 'Viewed Category Page', '2019-10-25 21:11:11'),
(22, 8, 'Viewed Category Page', '2019-10-25 21:11:37'),
(23, 8, 'Viewed Category Page', '2019-10-25 21:12:05'),
(24, 8, 'Viewed Category Page', '2019-10-25 21:12:39'),
(25, 8, 'Viewed Category Page', '2019-10-25 21:13:49'),
(26, 8, 'Viewed Category Page', '2019-10-25 21:13:54'),
(27, 8, 'Viewed Category Page', '2019-10-25 21:14:43'),
(28, 8, 'Viewed Category Page', '2019-10-25 21:25:00'),
(29, 8, 'Viewed Category Page', '2019-10-25 21:25:26'),
(30, 8, 'Viewed Category Page', '2019-10-25 21:28:15'),
(31, 8, 'Viewed Category Page', '2019-10-25 21:28:30'),
(32, 8, 'Viewed Category Page', '2019-10-25 21:28:38'),
(33, 8, 'Viewed Category Page', '2019-10-25 21:30:00'),
(34, 8, 'Viewed Category Page', '2019-10-25 21:30:08'),
(35, 8, 'Viewed Category Page', '2019-10-25 21:30:25'),
(36, 8, 'Viewed Category Page', '2019-10-25 21:30:32'),
(37, 8, 'Viewed Category Page', '2019-10-25 21:33:54'),
(38, 8, 'Category category-1-मराठी Added', '2019-10-25 21:34:05'),
(39, 8, 'Viewed Category Page', '2019-10-25 21:34:05'),
(40, 8, 'Viewed Category Page', '2019-10-25 21:35:56'),
(41, 8, 'Viewed Category Page', '2019-10-25 21:36:17'),
(42, 8, 'AddedHealth-मराठी Category', '2019-10-25 21:36:39'),
(43, 8, 'Viewed Category Page', '2019-10-25 21:36:39'),
(44, 8, 'Viewed Category Page', '2019-10-25 21:37:03'),
(45, 8, 'Added  Health-English Category', '2019-10-25 21:37:19'),
(46, 8, 'Viewed Category Page', '2019-10-25 21:37:19'),
(47, 8, 'Viewed Category Page', '2019-10-25 21:37:54'),
(48, 8, 'Added  |Health-हिंदी|  Category', '2019-10-25 21:38:05'),
(49, 8, 'Viewed Category Page', '2019-10-25 21:38:05'),
(50, 8, 'Viewed Category Page', '2019-10-25 21:38:33'),
(51, 8, 'Added  | Health-ગુજરાતી |  Category', '2019-10-25 21:38:43'),
(52, 8, 'Viewed Category Page', '2019-10-25 21:38:43'),
(53, 8, 'Viewed Category Page', '2019-10-25 21:39:58'),
(54, 8, 'Viewed Category Page', '2019-10-25 21:41:12'),
(55, 8, 'Viewed Category Page', '2019-10-25 21:42:28'),
(56, 8, 'Removed  | love-ਪੰਜਾਬੀ |  Category', '2019-10-25 21:42:34'),
(57, 8, 'Viewed Category Page', '2019-10-25 21:42:34'),
(58, 8, 'Viewed Category Page', '2019-10-25 21:45:14'),
(59, 8, 'Viewed Category Page', '2019-10-25 21:53:11'),
(60, 8, 'Viewed Category Page', '2019-10-25 21:53:59'),
(61, 8, 'Viewed Category Page', '2019-10-25 21:55:55'),
(62, 8, 'Viewed Category Page', '2019-10-25 21:58:07'),
(63, 8, 'Viewed Category Page', '2019-10-25 21:58:21'),
(64, 8, 'Viewed Category Page', '2019-10-25 22:00:27'),
(65, 8, 'Viewed Category Page', '2019-10-25 22:00:37'),
(66, 8, 'Viewed Category Page', '2019-10-25 22:00:56'),
(67, 8, 'Viewed Category Page', '2019-10-25 22:01:09'),
(68, 8, 'Viewed Language Page', '2019-10-26 12:47:01'),
(69, 8, 'Viewed Language Page', '2019-10-26 12:47:04'),
(70, 8, 'Removed  | undefined |  Category', '2019-10-26 12:53:40'),
(71, 8, 'Viewed Language Page', '2019-10-26 12:53:40'),
(72, 8, 'Viewed Language Page', '2019-10-26 12:54:58'),
(73, 8, 'Viewed Language Page', '2019-10-26 12:55:09'),
(74, 8, 'Viewed Language Page', '2019-10-26 12:55:18'),
(75, 8, 'Removed  | punjabi |  Category', '2019-10-26 12:55:30'),
(76, 8, 'Viewed Language Page', '2019-10-26 12:55:30'),
(77, 8, 'Viewed Language Page', '2019-10-26 12:56:05'),
(78, 8, 'Removed  | punjabi |  Language', '2019-10-26 12:56:11'),
(79, 8, 'Viewed Language Page', '2019-10-26 12:56:11'),
(80, 8, 'Viewed Category Page', '2019-10-26 12:56:31'),
(81, 8, 'Viewed Language Page', '2019-10-26 12:57:09'),
(82, 8, 'Added  | demo |  Language', '2019-10-26 12:57:20'),
(83, 8, 'Viewed Language Page', '2019-10-26 12:57:20'),
(84, 8, 'Removed  | demo |  Language', '2019-10-26 12:57:34'),
(85, 8, 'Viewed Language Page', '2019-10-26 12:57:34'),
(86, 8, 'Viewed Language Page', '2019-10-26 13:06:11'),
(87, 8, 'Updated  | punjabi |  Language', '2019-10-26 13:06:18'),
(88, 8, 'Viewed Language Page', '2019-10-26 13:06:18'),
(89, 8, 'Updated  | punjabi1 |  Language', '2019-10-26 13:06:35'),
(90, 8, 'Viewed Language Page', '2019-10-26 13:06:35'),
(91, 8, 'Viewed Language Page', '2019-10-26 13:11:19'),
(92, 8, 'Viewed Language Page', '2019-10-26 13:11:28'),
(93, 8, 'Viewed Language Page', '2019-10-26 13:12:00'),
(94, 8, 'Viewed Status Page', '2019-10-26 13:20:43'),
(95, 8, 'Viewed Status Page', '2019-10-26 13:23:31'),
(96, 8, 'Viewed Status Page', '2019-10-26 13:24:30'),
(97, 8, 'Viewed Status Page', '2019-10-26 13:25:50'),
(98, 8, 'Viewed Status Page', '2019-10-26 13:26:03'),
(99, 8, 'Added Status', '2019-10-26 13:26:12'),
(100, 8, 'Viewed Status Page', '2019-10-26 13:26:12'),
(101, 8, 'Viewed Status Page', '2019-10-26 13:27:00'),
(102, 8, 'Viewed Status Page', '2019-10-26 13:27:17'),
(103, 8, 'Viewed Status Page', '2019-10-26 13:27:23'),
(104, 8, 'Viewed Status Page', '2019-10-26 13:29:58'),
(105, 8, 'Removed Status', '2019-10-26 13:30:02'),
(106, 8, 'Viewed Status Page', '2019-10-26 13:30:02'),
(107, 8, 'Viewed Status Page', '2019-10-26 13:33:25'),
(108, 8, 'Viewed Status Page', '2019-10-26 13:35:32'),
(109, 8, 'Viewed Status Page', '2019-10-26 13:36:35'),
(110, 8, 'Updated Status', '2019-10-26 13:36:42'),
(111, 8, 'Viewed Status Page', '2019-10-26 13:38:04'),
(112, 8, 'Updated Status', '2019-10-26 13:38:38'),
(113, 8, 'Viewed Status Page', '2019-10-26 13:48:57'),
(114, 8, 'Updated Status', '2019-10-26 13:49:04'),
(115, 8, 'Viewed Status Page', '2019-10-26 13:49:28'),
(116, 8, 'Updated Status', '2019-10-26 13:49:43'),
(117, 8, 'Viewed Language Page', '2019-10-26 13:51:08'),
(118, 8, 'Updated  | punjabi |  Language', '2019-10-26 13:51:12'),
(119, 8, 'Viewed Status Page', '2019-10-26 13:52:54'),
(120, 8, 'Updated Status', '2019-10-26 13:53:03'),
(121, 8, 'Viewed Status Page', '2019-10-26 13:53:39'),
(122, 8, 'Updated Status', '2019-10-26 13:53:44'),
(123, 8, 'Viewed Status Page', '2019-10-26 13:53:44'),
(124, 8, 'Viewed Language Page', '2019-10-26 13:53:53'),
(125, 8, 'Viewed Language Page', '2019-10-26 13:54:47'),
(126, 8, 'Viewed Language Page', '2019-10-26 13:56:45'),
(127, 8, 'Viewed Language Page', '2019-10-26 13:56:52'),
(128, 8, 'Viewed Status Page', '2019-10-26 13:59:59'),
(129, 8, 'Viewed Status Page', '2019-10-26 14:00:55'),
(130, 8, 'Viewed Status Page', '2019-10-26 14:01:53'),
(131, 8, 'Viewed Status Page', '2019-10-26 14:01:59'),
(132, 8, 'Viewed Status Page', '2019-10-26 14:02:14'),
(133, 8, 'Viewed Status Page', '2019-10-26 14:03:33'),
(134, 8, 'Viewed Status Page', '2019-10-26 14:04:17'),
(135, 8, 'Viewed Status Page', '2019-10-26 14:04:33'),
(136, 8, 'Viewed Status Page', '2019-10-26 14:08:15'),
(137, 8, 'Viewed Status Page', '2019-10-26 14:11:41'),
(138, 8, 'Updated Status', '2019-10-26 14:12:11'),
(139, 8, 'Viewed Status Page', '2019-10-26 14:12:11'),
(140, 8, 'Viewed Status Page', '2019-10-26 14:14:01'),
(141, 8, 'Updated Status', '2019-10-26 14:14:13'),
(142, 8, 'Viewed Status Page', '2019-10-26 14:14:13'),
(143, 8, 'Viewed Category Page', '2019-10-26 14:22:45'),
(144, 8, 'Viewed Category Page', '2019-10-26 14:22:48'),
(145, 8, 'Viewed Status Page', '2019-10-26 14:22:48'),
(146, 8, 'Viewed Language Page', '2019-10-26 14:27:33'),
(147, 8, 'Viewed Category Page', '2019-10-26 14:27:33'),
(148, 8, 'Viewed Status Page', '2019-10-26 14:29:58'),
(149, 8, 'Viewed Status Page', '2019-10-26 14:32:53'),
(150, 8, 'Viewed Status Page', '2019-10-26 14:33:28'),
(151, 8, 'Viewed Category Page', '2019-10-26 14:37:45'),
(152, 8, 'Viewed Status Page', '2019-10-26 14:41:34'),
(153, 8, 'Viewed Language Page', '2019-10-27 12:24:25'),
(154, 8, 'Viewed Language Page', '2019-10-27 12:26:28'),
(155, 8, 'Updated  | punjabi1 |  Language', '2019-10-27 12:26:36'),
(156, 8, 'Viewed Language Page', '2019-10-27 12:26:36'),
(157, 8, 'Viewed Language Page', '2019-10-27 13:47:30'),
(158, 8, 'Viewed Language Page', '2019-10-27 14:14:59'),
(159, 8, 'Removed  | punjabi |  Language', '2019-10-27 14:15:03'),
(160, 8, 'Viewed Language Page', '2019-10-27 14:15:03'),
(161, 8, 'Viewed Language Page', '2019-10-27 14:15:16'),
(162, 8, 'Viewed Category Page', '2019-10-27 14:19:24'),
(163, 8, 'Viewed Status Page', '2019-10-27 14:30:49'),
(164, 8, 'Viewed Application Page', '2019-10-27 14:46:05'),
(165, 8, 'Viewed Application Page', '2019-10-27 14:46:13'),
(166, 8, 'Viewed Application Page', '2019-10-27 15:10:39'),
(167, 8, 'Removed  | undefined |  Category', '2019-10-27 15:13:21'),
(168, 8, 'Viewed Application Page', '2019-10-27 15:13:21'),
(169, 8, 'Viewed Application Page', '2019-10-27 15:14:32'),
(170, 8, 'Removed  | undefined |  Category', '2019-10-27 15:15:26'),
(171, 8, 'Viewed Application Page', '2019-10-27 15:15:26'),
(172, 8, 'Viewed Application Page', '2019-10-27 15:16:38'),
(173, 8, 'Removed  | Induce |  Application', '2019-10-27 15:16:41'),
(174, 8, 'Viewed Application Page', '2019-10-27 15:16:41'),
(175, 8, 'Viewed Application Page', '2019-10-27 15:16:49'),
(176, 8, 'Viewed Application Page', '2019-10-27 15:17:26'),
(177, 8, 'Viewed Application Page', '2019-10-27 15:34:15'),
(178, 8, 'Viewed Category Page', '2019-10-27 15:34:48'),
(179, 8, 'Viewed Application Page', '2019-10-27 15:34:57'),
(180, 8, 'Viewed Category Page', '2019-10-27 15:36:54'),
(181, 8, 'Viewed Users Page', '2019-10-27 15:37:00'),
(182, 8, 'Viewed Users Page', '2019-10-27 15:42:02'),
(183, 8, 'Viewed Users Page', '2019-10-27 15:42:27'),
(184, 8, 'Added  | demo demo  User , Role  Admin |', '2019-10-27 15:42:44'),
(185, 8, 'Viewed Users Page', '2019-10-27 15:42:44'),
(186, 8, 'Viewed Users Page', '2019-10-27 15:43:05'),
(187, 8, 'Viewed Users Page', '2019-10-27 15:43:24'),
(188, 8, 'Viewed Status Page', '2019-10-27 15:46:34'),
(189, 8, 'Viewed Category Page', '2019-10-30 11:37:09'),
(190, 8, 'Viewed Status Page', '2019-10-30 11:45:08'),
(191, 8, 'Viewed Application Page', '2019-10-30 11:45:09'),
(192, 8, 'Viewed Category Page', '2019-10-30 11:56:34'),
(193, 8, 'Viewed Category Page', '2019-10-30 12:06:11'),
(194, 8, 'Viewed Category Page', '2019-10-30 12:07:28'),
(195, 8, 'Added  | category-2-हिंदी |  Category', '2019-10-30 12:07:37'),
(196, 8, 'Viewed Category Page', '2019-10-30 12:07:37'),
(197, 8, 'Viewed Category Page', '2019-10-30 12:24:56'),
(198, 8, 'Added  | category-1-ગુજરાતી |  Category', '2019-10-30 12:25:03'),
(199, 8, 'Viewed Category Page', '2019-10-30 12:25:03'),
(200, 8, 'Viewed Category Page', '2019-10-30 13:22:10'),
(201, 8, 'Added  | category-2-मराठी |  Category', '2019-10-30 13:22:17'),
(202, 8, 'Viewed Category Page', '2019-10-30 13:22:17'),
(203, 8, 'Viewed Category Page', '2019-10-30 13:22:40'),
(204, 8, 'Viewed Category Page', '2019-10-30 13:26:45'),
(205, 8, 'Viewed Language Page', '2019-10-30 13:31:45'),
(206, 8, 'Viewed Category Page', '2019-10-30 13:31:46'),
(207, 8, 'Viewed Category Page', '2019-10-30 13:33:40'),
(208, 8, 'Viewed Category Page', '2019-10-30 13:41:13'),
(209, 8, 'Viewed Category Page', '2019-10-30 13:42:39'),
(210, 8, 'Added  | category-1-தமிழ் |  Category', '2019-10-30 13:42:48'),
(211, 8, 'Viewed Category Page', '2019-10-30 13:42:48'),
(212, 8, 'Viewed Category Page', '2019-10-30 13:47:07'),
(213, 8, 'Viewed Category Page', '2019-10-30 13:48:26'),
(214, 8, 'Added  | category-1-ਪੰਜਾਬੀ |  Category', '2019-10-30 13:48:49'),
(215, 8, 'Viewed Category Page', '2019-10-30 13:48:49'),
(216, 8, 'Viewed Category Page', '2019-10-30 13:56:14'),
(217, 8, 'Added  | category-1-मराठी |  Category', '2019-10-30 13:56:24'),
(218, 8, 'Viewed Category Page', '2019-10-30 13:56:24'),
(219, 8, 'Viewed Category Page', '2019-10-30 13:58:41'),
(220, 8, 'Added  | category-1-मराठी |  Category', '2019-10-30 13:58:50'),
(221, 8, 'Viewed Category Page', '2019-10-30 13:58:50'),
(222, 8, 'Viewed Category Page', '2019-10-30 14:06:40'),
(223, 8, 'Viewed Category Page', '2019-10-30 14:08:50'),
(224, 8, 'Added  | category-1-मराठी |  Category', '2019-10-30 14:09:17'),
(225, 8, 'Viewed Category Page', '2019-10-30 14:09:17'),
(226, 8, 'Viewed Category Page', '2019-10-30 14:10:45'),
(227, 8, 'Added  | category-1-मराठी |  Category', '2019-10-30 14:10:52'),
(228, 8, 'Viewed Category Page', '2019-10-30 14:10:52'),
(229, 8, 'Viewed Category Page', '2019-10-30 14:15:07'),
(230, 8, 'Viewed Category Page', '2019-10-30 14:15:16'),
(231, 8, 'Added  | category-1-मराठी |  Category', '2019-10-30 14:15:31'),
(232, 8, 'Viewed Category Page', '2019-10-30 14:15:31'),
(233, 8, 'Viewed Category Page', '2019-10-30 14:17:03'),
(234, 8, 'Added  | category-1-मराठी |  Category', '2019-10-30 14:17:11'),
(235, 8, 'Viewed Category Page', '2019-10-30 14:17:11'),
(236, 8, 'Added  | category-2-मराठी |  Category', '2019-10-30 14:17:44'),
(237, 8, 'Viewed Category Page', '2019-10-30 14:17:44'),
(238, 8, 'Viewed Category Page', '2019-10-30 14:41:29'),
(239, 8, 'Viewed Category Page', '2019-10-30 14:41:50'),
(240, 8, 'Viewed Category Page', '2019-10-30 14:52:27'),
(241, 8, 'Viewed Category Page', '2019-10-30 14:53:27'),
(242, 8, 'Viewed Category Page', '2019-10-30 14:55:49'),
(243, 8, 'Added  | category-1-मराठी |  Category', '2019-10-30 14:55:58'),
(244, 8, 'Viewed Category Page', '2019-10-30 14:55:58'),
(245, 8, 'Viewed Category Page', '2019-10-30 14:56:58'),
(246, 8, 'Viewed Category Page', '2019-10-30 14:58:43'),
(247, 8, 'Added  | category-1-मराठी |  Category', '2019-10-30 14:58:53'),
(248, 8, 'Viewed Category Page', '2019-10-30 14:58:53'),
(249, 8, 'Viewed Category Page', '2019-10-30 15:03:59'),
(250, 8, 'Viewed Category Page', '2019-10-30 15:05:38'),
(251, 8, 'Viewed Category Page', '2019-10-30 15:07:07'),
(252, 8, 'Viewed Category Page', '2019-10-30 15:08:17'),
(253, 8, 'Added  | category-1-मराठी |  Category', '2019-10-30 15:08:23'),
(254, 8, 'Viewed Category Page', '2019-10-30 15:08:23'),
(255, 8, 'Viewed Category Page', '2019-10-30 15:11:42'),
(256, 8, 'Added  | category-1-मराठी |  Category', '2019-10-30 15:11:55'),
(257, 8, 'Viewed Category Page', '2019-10-30 15:11:55'),
(258, 8, 'Added  | category-2-मराठी |  Category', '2019-10-30 15:12:10'),
(259, 8, 'Viewed Category Page', '2019-10-30 15:12:10'),
(260, 8, 'Viewed Category Page', '2019-10-30 15:14:04'),
(261, 8, 'Added  | category-2-मराठी |  Category', '2019-10-30 15:14:15'),
(262, 8, 'Viewed Category Page', '2019-10-30 15:14:15'),
(263, 8, 'Viewed Category Page', '2019-10-30 15:22:44'),
(264, 8, 'Viewed Category Page', '2019-10-30 15:23:13'),
(265, 8, 'Added  | category-1-मराठी |  Category', '2019-10-30 15:23:25'),
(266, 8, 'Viewed Category Page', '2019-10-30 15:23:25'),
(267, 8, 'Viewed Category Page', '2019-10-30 15:26:11'),
(268, 8, 'Added  | category-1-मराठी |  Category', '2019-10-30 15:26:24'),
(269, 8, 'Viewed Category Page', '2019-10-30 15:26:24'),
(270, 8, 'Added  | category-2-मराठी |  Category', '2019-10-30 15:26:42'),
(271, 8, 'Viewed Category Page', '2019-10-30 15:26:42'),
(272, 8, 'Viewed Category Page', '2019-10-30 15:32:55'),
(273, 8, 'Viewed Category Page', '2019-10-30 15:34:49'),
(274, 8, 'Added  | category-1-मराठी |  Category', '2019-10-30 15:34:59'),
(275, 8, 'Viewed Category Page', '2019-10-30 15:34:59'),
(276, 8, 'Viewed Category Page', '2019-10-30 15:35:55'),
(277, 8, 'Viewed Category Page', '2019-10-30 15:37:10'),
(278, 8, 'Viewed Category Page', '2019-10-30 15:37:21'),
(279, 8, 'Viewed Category Page', '2019-10-30 15:38:06'),
(280, 8, 'Viewed Category Page', '2019-10-30 15:39:20'),
(281, 8, 'Viewed Category Page', '2019-10-30 15:39:30'),
(282, 8, 'Added  | category-2-मराठी |  Category', '2019-10-30 15:39:49'),
(283, 8, 'Viewed Category Page', '2019-10-30 15:39:49'),
(284, 8, 'Viewed Category Page', '2019-10-30 15:40:09'),
(285, 8, 'Added  | category-1-मराठी |  Category', '2019-10-30 15:40:20'),
(286, 8, 'Viewed Category Page', '2019-10-30 15:40:20'),
(287, 8, 'Added  | category-11-मराठी |  Category', '2019-10-30 15:41:16'),
(288, 8, 'Viewed Category Page', '2019-10-30 15:41:16'),
(289, 8, 'Added  | category-2-ગુજરાતી |  Category', '2019-10-30 15:41:46'),
(290, 8, 'Viewed Category Page', '2019-10-30 15:41:46'),
(291, 8, 'Added  | category-11-ગુજરાતી |  Category', '2019-10-30 15:42:11'),
(292, 8, 'Viewed Category Page', '2019-10-30 15:42:11'),
(293, 8, 'Viewed Category Page', '2019-10-30 15:42:34'),
(294, 8, 'Viewed Category Page', '2019-10-30 16:49:25'),
(295, 8, 'Added  | category-1-ગુજરાતી |  Category', '2019-10-30 16:49:54'),
(296, 8, 'Viewed Category Page', '2019-10-30 16:49:54'),
(297, 8, 'Viewed Category Page', '2019-10-30 16:51:30'),
(298, 8, 'Viewed Category Page', '2019-10-30 16:54:06'),
(299, 8, 'Viewed Category Page', '2019-10-30 16:54:15'),
(300, 8, 'Viewed Category Page', '2019-10-30 16:55:22'),
(301, 8, 'Viewed Category Page', '2019-10-30 16:55:48'),
(302, 8, 'Viewed Category Page', '2019-10-30 16:56:50'),
(303, 8, 'Viewed Category Page', '2019-10-30 16:59:19'),
(304, 8, 'Viewed Category Page', '2019-10-30 16:59:32'),
(305, 8, 'Viewed Category Page', '2019-10-30 17:06:49'),
(306, 8, 'Viewed Category Page', '2019-10-30 17:07:53'),
(307, 8, 'Viewed Category Page', '2019-10-30 17:08:26'),
(308, 8, 'Viewed Category Page', '2019-10-30 17:10:09'),
(309, 8, 'Viewed Category Page', '2019-10-30 17:10:15'),
(310, 8, 'Viewed Category Page', '2019-10-30 17:11:09'),
(311, 8, 'Viewed Category Page', '2019-10-30 17:12:52'),
(312, 8, 'Viewed Category Page', '2019-10-30 17:13:57'),
(313, 8, 'Viewed Category Page', '2019-10-30 17:15:21'),
(314, 8, 'Viewed Category Page', '2019-10-30 17:19:39'),
(315, 8, 'Viewed Category Page', '2019-10-30 17:19:49'),
(316, 8, 'Viewed Category Page', '2019-10-30 17:22:03'),
(317, 8, 'Viewed Category Page', '2019-10-30 17:22:09'),
(318, 8, 'Viewed Category Page', '2019-10-30 17:23:25'),
(319, 8, 'Viewed Category Page', '2019-10-30 17:23:32'),
(320, 8, 'Viewed Category Page', '2019-10-30 17:24:45'),
(321, 8, 'Viewed Category Page', '2019-10-30 17:26:43'),
(322, 8, 'Viewed Category Page', '2019-10-30 17:27:39'),
(323, 8, 'Viewed Category Page', '2019-10-30 17:27:48'),
(324, 8, 'Viewed Category Page', '2019-10-30 17:28:22'),
(325, 8, 'Viewed Category Page', '2019-10-30 17:30:17'),
(326, 8, 'Viewed Category Page', '2019-10-30 17:35:28'),
(327, 8, 'Viewed Category Page', '2019-10-30 17:36:52'),
(328, 8, 'Viewed Category Page', '2019-10-30 17:37:29'),
(329, 8, 'Viewed Category Page', '2019-10-30 17:37:35'),
(330, 8, 'Viewed Category Page', '2019-10-30 18:20:11'),
(331, 8, 'Viewed Category Page', '2019-10-30 18:24:26'),
(332, 8, 'Viewed Category Page', '2019-10-30 18:24:37'),
(333, 8, 'Viewed Category Page', '2019-10-30 18:28:42'),
(334, 8, 'Viewed Category Page', '2019-10-30 18:29:07'),
(335, 8, 'Viewed Category Page', '2019-10-30 18:30:33'),
(336, 8, 'Viewed Category Page', '2019-10-30 18:31:32'),
(337, 8, 'Viewed Category Page', '2019-10-30 18:32:12'),
(338, 8, 'Viewed Category Page', '2019-10-30 18:32:22'),
(339, 8, 'Viewed Category Page', '2019-10-30 18:32:29'),
(340, 8, 'Viewed Category Page', '2019-10-30 18:33:09'),
(341, 8, 'Viewed Category Page', '2019-10-30 18:34:22'),
(342, 8, 'Viewed Category Page', '2019-10-30 18:34:35'),
(343, 8, 'Viewed Category Page', '2019-10-30 18:34:43'),
(344, 8, 'Viewed Language Page', '2019-10-30 18:35:57'),
(345, 8, 'Viewed Category Page', '2019-10-30 18:35:57'),
(346, 8, 'Viewed Category Page', '2019-10-30 18:35:57'),
(347, 8, 'Viewed Category Page', '2019-10-30 18:35:57'),
(348, 8, 'Viewed Category Page', '2019-10-30 18:35:57'),
(349, 8, 'Viewed Category Page', '2019-10-30 18:36:01'),
(350, 8, 'Viewed Category Page', '2019-10-30 18:36:13'),
(351, 8, 'Viewed Category Page', '2019-10-30 18:36:31'),
(352, 8, 'Added  | category-2-ગુજરાતી |  Category', '2019-10-30 18:37:04'),
(353, 8, 'Viewed Category Page', '2019-10-30 18:37:04'),
(354, 8, 'Viewed Category Page', '2019-10-30 18:38:15'),
(355, 8, 'Viewed Category Page', '2019-10-30 18:38:27'),
(356, 8, 'Viewed Category Page', '2019-10-30 18:38:44'),
(357, 8, 'Added  | category-1-ગુજરાતી-English |  Category', '2019-10-30 18:39:02'),
(358, 8, 'Viewed Category Page', '2019-10-30 18:39:02'),
(359, 8, 'Viewed Category Page', '2019-10-30 18:39:51'),
(360, 8, 'Viewed Category Page', '2019-10-30 18:40:04'),
(361, 8, 'Viewed Category Page', '2019-10-30 18:40:33'),
(362, 8, 'Viewed Category Page', '2019-10-30 18:40:55'),
(363, 8, 'Viewed Category Page', '2019-10-30 18:42:37'),
(364, 8, 'Viewed Category Page', '2019-10-30 18:47:49'),
(365, 8, 'Removed  | category-1-ગુજરાતી |  Category', '2019-10-30 18:48:17'),
(366, 8, 'Viewed Category Page', '2019-10-30 18:48:17'),
(367, 8, 'Removed  | category-2-ગુજરાતી |  Category', '2019-10-30 18:48:24'),
(368, 8, 'Viewed Category Page', '2019-10-30 18:48:24'),
(369, 8, 'Viewed Category Page', '2019-10-30 18:48:43'),
(370, 8, 'Viewed Status Page', '2019-10-30 18:48:43'),
(371, 8, 'Viewed Category Page', '2019-10-30 18:48:43'),
(372, 8, 'Viewed Category Page', '2019-10-30 18:57:12'),
(373, 8, 'Viewed Category Page', '2019-10-30 19:02:50'),
(374, 8, 'Viewed Category Page', '2019-10-30 19:03:23'),
(375, 8, 'Viewed Category Page', '2019-10-30 19:03:57'),
(376, 8, 'Viewed Category Page', '2019-10-30 19:05:24'),
(377, 8, 'Updated  | Holi-English |  Category', '2019-10-30 19:05:32'),
(378, 8, 'Viewed Category Page', '2019-10-30 19:05:32'),
(379, 8, 'Viewed Status Page', '2019-11-01 11:36:56'),
(380, 8, 'Viewed Application Page', '2019-11-01 11:36:57'),
(381, 8, 'Viewed Status Page', '2019-11-01 11:37:33'),
(382, 8, 'Viewed Category Page', '2019-11-01 11:37:34'),
(383, 8, 'Viewed Language Page', '2019-11-01 11:37:35'),
(384, 8, 'Viewed Language Page', '2019-11-01 11:40:07'),
(385, 8, 'Viewed Category Page', '2019-11-01 11:40:07'),
(386, 8, 'Viewed Status Page', '2019-11-01 11:40:07'),
(387, 8, 'Viewed Application Page', '2019-11-01 11:40:08'),
(388, 8, 'Viewed Category Page', '2019-11-01 11:55:45'),
(389, 8, 'Viewed Status Page', '2019-11-01 11:58:37'),
(390, 8, 'Viewed Application Page', '2019-11-01 11:58:37'),
(391, 8, 'Viewed Language Page', '2019-11-01 11:58:38'),
(392, 8, 'Viewed Language Page', '2019-11-01 11:58:39'),
(393, 8, 'Viewed Category Page', '2019-11-01 11:58:39'),
(394, 8, 'Viewed Status Page', '2019-11-01 11:58:39'),
(395, 8, 'Viewed Application Page', '2019-11-01 11:58:40'),
(396, 8, 'Viewed Language Page', '2019-11-01 19:02:07'),
(397, 8, 'Viewed Category Page', '2019-11-01 19:02:10'),
(398, 8, 'Viewed Language Page', '2019-11-01 19:04:51'),
(399, 8, 'Viewed Language Page', '2019-11-01 19:25:12'),
(400, 8, 'Viewed Category Page', '2019-11-01 19:25:13'),
(401, 8, 'Viewed Category Page', '2019-11-01 20:08:11'),
(402, 8, 'Viewed Category Page', '2019-11-01 20:08:27'),
(403, 8, 'Viewed Language Page', '2019-11-01 20:08:29'),
(404, 8, 'Viewed Category Page', '2019-11-01 20:08:30'),
(405, 8, 'Viewed Status Page', '2019-11-01 20:08:31'),
(406, 8, 'Viewed Status Page', '2019-11-01 20:08:36'),
(407, 8, 'Viewed Language Page', '2019-11-01 20:14:55'),
(408, 8, 'Viewed Status Page', '2019-11-01 20:15:40'),
(409, 8, 'Viewed Category Page', '2019-11-01 20:15:46'),
(410, 8, 'Viewed Language Page', '2019-11-01 20:15:50'),
(411, 8, 'Viewed Dashboard Page', '2019-11-01 20:17:34'),
(412, 8, 'Viewed Dashboard Page', '2019-11-01 20:18:36'),
(413, 8, 'Viewed Dashboard Page', '2019-11-01 20:18:40'),
(414, 8, 'Viewed Dashboard Page', '2019-11-01 20:18:46'),
(415, 8, 'Viewed Dashboard Page', '2019-11-01 20:19:45'),
(416, 8, 'Viewed Dashboard Page', '2019-11-01 20:19:59'),
(417, 8, 'Viewed Language Page', '2019-11-01 20:19:59'),
(418, 8, 'Viewed Category Page', '2019-11-01 20:20:00'),
(419, 8, 'Viewed Status Page', '2019-11-01 20:20:01'),
(420, 8, 'Viewed Dashboard Page', '2019-11-01 20:20:02'),
(421, 8, 'Viewed Dashboard Page', '2019-11-02 12:32:35'),
(422, 8, 'Viewed Application Page', '2019-11-02 12:33:27'),
(423, 8, 'Viewed Dashboard Page', '2019-11-02 12:43:46'),
(424, 8, 'Viewed Dashboard Page', '2019-11-02 12:49:34'),
(425, 8, 'Viewed Dashboard Page', '2019-11-02 12:50:12'),
(426, 8, 'Viewed Application Page', '2019-11-02 12:50:14'),
(427, 8, 'Viewed Dashboard Page', '2019-11-02 12:50:17'),
(428, 8, 'Viewed Language Page', '2019-11-02 12:50:27'),
(429, 8, 'Viewed Application Page', '2019-11-02 12:50:28'),
(430, 8, 'Viewed Dashboard Page', '2019-11-02 12:50:42'),
(431, 8, 'Viewed Dashboard Page', '2019-11-02 12:50:47'),
(432, 8, 'Viewed Dashboard Page', '2019-11-02 17:19:54'),
(433, 8, 'Viewed Category Page', '2019-11-02 17:19:56'),
(434, 8, 'Viewed Category Page', '2019-11-02 17:21:28'),
(435, 8, 'Viewed Dashboard Page', '2019-11-03 13:26:23'),
(436, 8, 'Viewed Category Page', '2019-11-03 13:26:24'),
(437, 8, 'Viewed Category Page', '2019-11-03 13:26:31'),
(438, 8, 'Removed  | Holi-English |  Category', '2019-11-03 13:27:06'),
(439, 8, 'Viewed Category Page', '2019-11-03 13:27:06'),
(440, 8, 'Viewed Dashboard Page', '2019-11-07 13:51:30'),
(441, 8, 'Viewed Category Page', '2019-11-07 13:52:25'),
(442, 8, 'Viewed Language Page', '2019-11-07 13:55:06'),
(443, 8, 'Viewed Status Page', '2019-11-07 13:55:07'),
(444, 8, 'Viewed Application Page', '2019-11-07 13:55:08'),
(445, 8, 'Viewed Dashboard Page', '2019-11-13 12:52:35'),
(446, 8, 'Viewed Application Page', '2019-11-13 12:52:49'),
(447, 8, 'Viewed Category Page', '2019-11-13 12:52:51'),
(448, 8, 'Viewed Status Page', '2019-11-13 12:52:55'),
(449, 8, 'Viewed Status Page', '2019-11-13 13:12:45'),
(450, 8, 'Added Status', '2019-11-13 13:15:48'),
(451, 8, 'Viewed Status Page', '2019-11-13 13:15:48'),
(452, 8, 'Added Status', '2019-11-13 13:15:52'),
(453, 8, 'Viewed Status Page', '2019-11-13 13:15:52'),
(454, 8, 'Viewed Status Page', '2019-11-13 13:17:45'),
(455, 8, 'Added Status', '2019-11-13 13:17:48'),
(456, 8, 'Viewed Status Page', '2019-11-13 13:17:48'),
(457, 8, 'Viewed Status Page', '2019-11-13 13:17:51'),
(458, 8, 'Viewed Status Page', '2019-11-13 13:17:56'),
(459, 8, 'Added Status', '2019-11-13 13:17:58'),
(460, 8, 'Viewed Status Page', '2019-11-13 13:17:58'),
(461, 8, 'Viewed Status Page', '2019-11-13 13:18:17'),
(462, 8, 'Viewed Status Page', '2019-11-13 13:18:18'),
(463, 8, 'Viewed Status Page', '2019-11-13 13:18:32'),
(464, 8, 'Viewed Status Page', '2019-11-13 13:19:03'),
(465, 8, 'Added Status', '2019-11-13 13:19:14'),
(466, 8, 'Viewed Status Page', '2019-11-13 13:19:14'),
(467, 8, 'Viewed Status Page', '2019-11-13 13:19:21'),
(468, 8, 'Viewed Status Page', '2019-11-13 13:19:41'),
(469, 8, 'Viewed Category Page', '2019-11-13 13:20:37'),
(470, 8, 'Viewed Status Page', '2019-11-13 13:21:07'),
(471, 8, 'Viewed Status Page', '2019-11-13 13:21:09'),
(472, 8, 'Added Status', '2019-11-13 13:21:11'),
(473, 8, 'Viewed Status Page', '2019-11-13 13:21:11'),
(474, 8, 'Viewed Status Page', '2019-11-13 13:30:27'),
(475, 8, 'Viewed Dashboard Page', '2019-11-13 13:59:32'),
(476, 8, 'Viewed Status Page', '2019-11-13 13:59:33'),
(477, 8, 'Viewed Dashboard Page', '2019-11-13 14:05:06'),
(478, 8, 'Viewed Status Page', '2019-11-13 14:05:08'),
(479, 8, 'Viewed Dashboard Page', '2019-11-13 14:06:49'),
(480, 8, 'Viewed Status Page', '2019-11-13 14:06:51'),
(481, 8, 'Viewed Status Page', '2019-11-13 14:07:05'),
(482, 8, 'Viewed Dashboard Page', '2019-11-13 14:08:50'),
(483, 8, 'Viewed Status Page', '2019-11-13 14:08:51'),
(484, 8, 'Viewed Status Page', '2019-11-13 14:09:05'),
(485, 8, 'Viewed Status Page', '2019-11-13 14:09:43'),
(486, 8, 'Added Status', '2019-11-13 14:10:18'),
(487, 8, 'Viewed Status Page', '2019-11-13 14:10:18'),
(488, 8, 'Viewed Dashboard Page', '2019-11-13 14:19:21'),
(489, 8, 'Viewed Status Page', '2019-11-13 14:19:22'),
(490, 8, 'Added Status', '2019-11-13 14:19:32'),
(491, 8, 'Viewed Status Page', '2019-11-13 14:19:32'),
(492, 8, 'Added Status', '2019-11-13 14:22:27'),
(493, 8, 'Viewed Status Page', '2019-11-13 14:22:27'),
(494, 8, 'Viewed Category Page', '2019-11-13 14:56:25'),
(495, 8, 'Viewed Status Page', '2019-11-13 14:56:26'),
(496, 8, 'Viewed Dashboard Page', '2019-11-13 14:58:10'),
(497, 8, 'Viewed Status Page', '2019-11-13 14:58:13'),
(498, 8, 'Added Status', '2019-11-13 14:58:22'),
(499, 8, 'Viewed Status Page', '2019-11-13 14:58:22'),
(500, 8, 'Viewed Dashboard Page', '2019-11-13 14:59:15'),
(501, 8, 'Viewed Status Page', '2019-11-13 14:59:16'),
(502, 8, 'Added Status', '2019-11-13 14:59:32'),
(503, 8, 'Viewed Status Page', '2019-11-13 14:59:32'),
(504, 8, 'Viewed Dashboard Page', '2019-11-13 15:35:42'),
(505, 8, 'Viewed Status Page', '2019-11-13 15:35:44'),
(506, 8, 'Viewed Status Page', '2019-11-13 15:41:41'),
(507, 8, 'Viewed Dashboard Page', '2019-11-13 22:06:12'),
(508, 8, 'Viewed Status Page', '2019-11-13 22:06:14'),
(509, 8, 'Viewed Category Page', '2019-11-13 22:10:20'),
(510, 8, 'Viewed Status Page', '2019-11-13 22:10:21'),
(511, 8, 'Viewed Status Page', '2019-11-13 22:18:53'),
(512, 8, 'Viewed Status Page', '2019-11-13 22:20:05'),
(513, 8, 'Viewed Status Page', '2019-11-13 22:20:20'),
(514, 8, 'Added Status', '2019-11-13 22:20:22'),
(515, 8, 'Viewed Status Page', '2019-11-13 22:20:22'),
(516, 8, 'Viewed Status Page', '2019-11-13 22:20:53'),
(517, 8, 'Added Status', '2019-11-13 22:21:01'),
(518, 8, 'Viewed Status Page', '2019-11-13 22:21:01'),
(519, 8, 'Viewed Status Page', '2019-11-13 22:21:25'),
(520, 8, 'Viewed Status Page', '2019-11-13 22:22:22'),
(521, 8, 'Viewed Status Page', '2019-11-13 22:23:34'),
(522, 8, 'Viewed Status Page', '2019-11-13 22:24:24'),
(523, 8, 'Viewed Category Page', '2019-11-13 22:24:54'),
(524, 8, 'Viewed Application Page', '2019-11-13 22:24:56'),
(525, 8, 'Viewed Status Page', '2019-11-13 22:28:15'),
(526, 8, 'Viewed Category Page', '2019-11-13 22:28:16'),
(527, 8, 'Viewed Language Page', '2019-11-13 22:28:17'),
(528, 8, 'Viewed Application Page', '2019-11-13 22:28:18'),
(529, 8, 'Viewed Status Page', '2019-11-13 22:28:20'),
(530, 8, 'Viewed Category Page', '2019-11-13 22:51:57'),
(531, 8, 'Viewed Language Page', '2019-11-13 22:52:52'),
(532, 8, 'Viewed Status Page', '2019-11-13 22:52:53'),
(533, 8, 'Viewed Dashboard Page', '2019-11-14 13:08:23'),
(534, 8, 'Viewed Status Page', '2019-11-14 13:08:25'),
(535, 8, 'Viewed Status Page', '2019-11-14 13:09:32'),
(536, 8, 'Viewed Status Page', '2019-11-14 13:09:33'),
(537, 8, 'Viewed Status Page', '2019-11-14 13:10:01'),
(538, 8, 'Viewed Status Page', '2019-11-14 13:10:02'),
(539, 8, 'Viewed Status Page', '2019-11-14 13:10:45'),
(540, 8, 'Viewed Status Page', '2019-11-14 13:11:48'),
(541, 8, 'Viewed Category Page', '2019-11-14 13:11:51'),
(542, 8, 'Viewed Status Page', '2019-11-14 13:13:18'),
(543, 8, 'Viewed Status Page', '2019-11-14 13:14:45'),
(544, 8, 'Viewed Status Page', '2019-11-14 13:15:41'),
(545, 8, 'Viewed Status Page', '2019-11-14 13:15:51'),
(546, 8, 'Viewed Status Page', '2019-11-14 13:16:52'),
(547, 8, 'Viewed Status Page', '2019-11-14 13:17:22'),
(548, 8, 'Viewed Status Page', '2019-11-14 13:17:23'),
(549, 8, 'Viewed Status Page', '2019-11-14 13:17:51'),
(550, 8, 'Viewed Status Page', '2019-11-14 13:49:06'),
(551, 8, 'Viewed Category Page', '2019-11-14 13:56:35'),
(552, 8, 'Viewed Language Page', '2019-11-14 13:56:35'),
(553, 8, 'Viewed Category Page', '2019-11-14 13:56:36'),
(554, 8, 'Viewed Status Page', '2019-11-14 13:56:36'),
(555, 8, 'Viewed Status Page', '2019-11-14 13:58:15'),
(556, 8, 'Viewed Status Page', '2019-11-14 14:07:04'),
(557, 8, 'Viewed Status Page', '2019-11-14 14:08:10'),
(558, 8, 'Viewed Dashboard Page', '2019-11-14 14:09:59'),
(559, 8, 'Viewed Status Page', '2019-11-14 14:10:00'),
(560, 8, 'Viewed Status Page', '2019-11-14 14:11:10'),
(561, 8, 'Viewed Status Page', '2019-11-14 14:11:35'),
(562, 8, 'Viewed Status Page', '2019-11-14 14:11:51'),
(563, 8, 'Viewed Status Page', '2019-11-14 14:12:20'),
(564, 8, 'Viewed Status Page', '2019-11-14 14:12:40'),
(565, 8, 'Viewed Status Page', '2019-11-14 14:13:25'),
(566, 8, 'Viewed Status Page', '2019-11-14 14:14:15'),
(567, 8, 'Viewed Status Page', '2019-11-14 14:14:54'),
(568, 8, 'Viewed Status Page', '2019-11-14 14:17:38'),
(569, 8, 'Viewed Status Page', '2019-11-14 14:17:45'),
(570, 8, 'Viewed Status Page', '2019-11-14 14:19:48'),
(571, 8, 'Viewed Status Page', '2019-11-14 14:19:54'),
(572, 8, 'Viewed Status Page', '2019-11-14 14:20:03'),
(573, 8, 'Viewed Status Page', '2019-11-14 14:28:36'),
(574, 8, 'Viewed Status Page', '2019-11-14 14:29:01'),
(575, 8, 'Viewed Status Page', '2019-11-14 14:32:29'),
(576, 8, 'Viewed Status Page', '2019-11-14 14:32:36'),
(577, 8, 'Viewed Status Page', '2019-11-14 14:32:47'),
(578, 8, 'Viewed Status Page', '2019-11-14 14:32:48'),
(579, 8, 'Viewed Status Page', '2019-11-14 14:33:08'),
(580, 8, 'Viewed Status Page', '2019-11-14 14:33:55'),
(581, 8, 'Viewed Status Page', '2019-11-14 14:34:31'),
(582, 8, 'Viewed Status Page', '2019-11-14 14:35:16'),
(583, 8, 'Viewed Status Page', '2019-11-14 14:37:00'),
(584, 8, 'Viewed Status Page', '2019-11-14 14:38:27'),
(585, 8, 'Viewed Status Page', '2019-11-14 14:38:44'),
(586, 8, 'Viewed Status Page', '2019-11-14 14:38:45'),
(587, 8, 'Viewed Category Page', '2019-11-14 14:39:44'),
(588, 8, 'Viewed Status Page', '2019-11-14 14:39:45'),
(589, 8, 'Viewed Application Page', '2019-11-14 14:39:46'),
(590, 8, 'Viewed Status Page', '2019-11-14 14:39:52'),
(591, 8, 'Updated Status', '2019-11-14 14:40:04'),
(592, 8, 'Viewed Status Page', '2019-11-14 14:40:04'),
(593, 8, 'Updated Status', '2019-11-14 14:40:11'),
(594, 8, 'Viewed Status Page', '2019-11-14 14:40:11'),
(595, 8, 'Viewed Category Page', '2019-11-14 14:40:47'),
(596, 8, 'Viewed Language Page', '2019-11-14 14:40:47'),
(597, 8, 'Viewed Dashboard Page', '2019-11-14 14:40:48'),
(598, 8, 'Viewed Category Page', '2019-11-14 14:40:49'),
(599, 8, 'Viewed Status Page', '2019-11-14 14:40:49'),
(600, 8, 'Viewed Application Page', '2019-11-14 14:40:49'),
(601, 8, 'Viewed Dashboard Page', '2019-11-14 14:40:50'),
(602, 8, 'Viewed Language Page', '2019-11-14 14:40:51'),
(603, 8, 'Viewed Dashboard Page', '2019-11-14 14:40:53'),
(604, 8, 'Viewed Status Page', '2019-11-14 14:40:55'),
(605, 8, 'Viewed Application Page', '2019-11-14 14:40:56'),
(606, 8, 'Viewed Dashboard Page', '2019-11-14 15:38:08'),
(607, 8, 'Viewed Status Page', '2019-11-14 15:38:18'),
(608, 8, 'Viewed Status Page', '2019-11-14 15:38:48'),
(609, 8, 'Viewed Category Page', '2019-11-14 15:38:50'),
(610, 8, 'Viewed Status Page', '2019-11-14 15:38:51'),
(611, 8, 'Viewed Category Page', '2019-11-14 15:42:41'),
(612, 8, 'Viewed Language Page', '2019-11-14 15:42:41'),
(613, 8, 'Viewed Dashboard Page', '2019-11-14 15:42:42'),
(614, 8, 'Viewed Language Page', '2019-11-14 15:42:42'),
(615, 8, 'Viewed Category Page', '2019-11-14 15:42:42'),
(616, 8, 'Viewed Status Page', '2019-11-14 15:42:43'),
(617, 8, 'Viewed Application Page', '2019-11-14 15:42:43'),
(618, 8, 'Viewed Dashboard Page', '2019-11-14 21:14:25'),
(619, 8, 'Viewed Status Page', '2019-11-14 21:14:40'),
(620, 8, 'Viewed Status Page', '2019-11-14 21:15:24'),
(621, 8, 'Viewed Category Page', '2019-11-14 21:28:42'),
(622, 8, 'Viewed Application Page', '2019-11-14 21:28:43'),
(623, 8, 'Viewed Application Page', '2019-11-14 21:28:46'),
(624, 8, 'Viewed Dashboard Page', '2019-11-14 21:41:04'),
(625, 8, 'Viewed Status Page', '2019-11-14 21:41:53'),
(626, 8, 'Added Status', '2019-11-14 21:42:06'),
(627, 8, 'Viewed Status Page', '2019-11-14 21:42:06'),
(628, 8, 'Added Status', '2019-11-14 21:43:24'),
(629, 8, 'Viewed Status Page', '2019-11-14 21:43:24'),
(630, 8, 'Viewed Dashboard Page', '2019-11-14 22:42:14'),
(631, 8, 'Viewed Status Page', '2019-11-14 22:42:16'),
(632, 8, 'Removed Status', '2019-11-14 22:42:19'),
(633, 8, 'Viewed Status Page', '2019-11-14 22:42:19'),
(634, 8, 'Updated Status', '2019-11-14 22:44:05'),
(635, 8, 'Viewed Status Page', '2019-11-14 22:44:05'),
(636, 8, 'Viewed Dashboard Page', '2019-11-14 22:44:14'),
(637, 8, 'Viewed Status Page', '2019-11-14 22:44:17'),
(638, 8, 'Viewed Dashboard Page', '2019-11-14 22:49:30'),
(639, 8, 'Viewed Dashboard Page', '2019-11-15 21:18:19'),
(640, 8, 'Viewed Dashboard Page', '2019-11-15 21:34:05'),
(641, 8, 'Viewed Status Page', '2019-11-15 21:34:07'),
(642, 8, 'Viewed Status Page', '2019-11-15 21:35:29'),
(643, 8, 'Viewed Application Page', '2019-11-15 21:40:15'),
(644, 8, 'Viewed Dashboard Page', '2019-11-16 10:28:09'),
(645, 8, 'Viewed Status Page', '2019-11-16 10:28:16'),
(646, 8, 'Viewed Dashboard Page', '2019-11-16 11:30:06'),
(647, 8, 'Viewed Language Page', '2019-11-16 11:30:08'),
(648, 8, 'Viewed Dashboard Page', '2019-11-16 11:35:53'),
(649, 8, 'Viewed Dashboard Page', '2019-11-16 11:53:26'),
(650, 8, 'Viewed Dashboard Page', '2019-11-16 12:02:39'),
(651, 8, 'Viewed Category Page', '2019-11-16 12:08:14'),
(652, 8, 'Viewed Category Page', '2019-11-16 12:17:07'),
(653, 8, 'Updated  | Good Morning-हिंदी |  Category', '2019-11-16 12:17:13'),
(654, 8, 'Viewed Category Page', '2019-11-16 12:17:13'),
(655, 8, 'Viewed Category Page', '2019-11-16 12:17:56'),
(656, 8, 'Viewed Dashboard Page', '2019-11-16 12:18:19'),
(657, 8, 'Viewed Status Page', '2019-11-16 12:20:51'),
(658, 8, 'Viewed Status Page', '2019-11-16 12:29:22'),
(659, 8, 'Viewed Status Page', '2019-11-16 12:30:30'),
(660, 8, 'Viewed Status Page', '2019-11-16 12:30:56'),
(661, 8, 'Viewed Status Page', '2019-11-16 12:31:12'),
(662, 8, 'Viewed Status Page', '2019-11-16 12:31:36'),
(663, 8, 'Updated Status', '2019-11-16 12:31:41'),
(664, 8, 'Viewed Status Page', '2019-11-16 12:31:41'),
(665, 8, 'Updated Status', '2019-11-16 12:31:44'),
(666, 8, 'Viewed Status Page', '2019-11-16 12:31:44'),
(667, 8, 'Viewed Application Page', '2019-11-16 12:49:07'),
(668, 8, 'Viewed Users Page', '2019-11-16 12:52:09'),
(669, 8, 'Viewed Users Page', '2019-11-16 12:54:12'),
(670, 8, 'Viewed Users Page', '2019-11-16 12:54:17'),
(671, 8, 'Viewed Users Page', '2019-11-16 13:10:40'),
(672, 8, 'Viewed Users Page', '2019-11-18 13:57:37'),
(673, 8, 'Viewed Users Page', '2019-11-18 13:57:41'),
(674, 8, 'Viewed Users Page', '2019-11-18 13:57:44'),
(675, 8, 'Viewed Users Page', '2019-11-18 13:58:00'),
(676, 8, 'Viewed Users Page', '2019-11-18 14:08:33'),
(677, 8, 'Viewed Users Page', '2019-11-18 14:08:47'),
(678, 8, 'Viewed Users Page', '2019-11-18 14:09:09'),
(679, 8, 'Viewed Users Page', '2019-11-18 14:12:38'),
(680, 8, 'Viewed Users Page', '2019-11-18 14:13:22'),
(681, 8, 'Viewed Users Page', '2019-11-18 20:56:34');
COMMIT;

/*!40101 SET CHARACTER_SET_CLIENT=@OLD_CHARACTER_SET_CLIENT */;
/*!40101 SET CHARACTER_SET_RESULTS=@OLD_CHARACTER_SET_RESULTS */;
/*!40101 SET COLLATION_CONNECTION=@OLD_COLLATION_CONNECTION */;
